plant,ring,treatment,rep,whc,time_fct,time_num,soc_mgC,doc_ugC,soc_mgN,soc_CN,soc_isoC,doc_isoC,ctrl_ugC.gSoil,ctrl_ugN.gSoil,glu_ugC.gSoil,glu_ugN.gSoil,ctrl_inc.hours,ctrl_raw.CO2,ctrl_raw.isoC,ctrl_bkg.CO2,ctrl_bkg.isoC,glu_amendment.isoC,glu_inc.hours,glu_raw.CO2,glu_raw.isoC,glu_bkg.CO2,glu_bkg.isoC
INSP,1,elevated,2,0.254,4,4,1,23.68,,,-24.06,-20.89,0,0,12.45,2.903,4.08,409.504463,-10.70738997,487.66,-5.904072879,28815.14,4.28,754.14,2351.36776,432.01,-7.129588441
INSP,1,elevated,3,0.212,4,4,1.74,28.41,,,-22.53,-22.28,0,0,10.39,2.423,4.08,449.224769,-10.45125617,449.22,-7.162828625,28815.14,4.28,896.32,2169.255485,421.95,-7.163879397
INSP,1,elevated,4,0.262,4,4,1.46,44.1,,,-23.37,-20.77,0,0,12.84,2.994,4.08,544.040983,-10.01083535,477.41,-7.749457659,28815.14,4.28,890.03,2167.053016,424.46,-6.5
INSP,2,elevated,1,0.23,4,4,1.3,38.19,,,-23.09,-22.19,0,0,11.27,2.629,4,601.699491,-11.08710025,531.23,-9.768352434,28815.14,4.22,829.63,3297.966711,421.95,-5.090556049
INSP,2,elevated,2,0.243,4,4,1.25,40.46,,,-24.07,-23.49,0,0,11.93,2.782,4,708.047406,-10.745828,537.63,-9.761167756,28815.14,4.22,1056.13,3846.09,442.08,-4.328477928
INSP,2,elevated,4,0.23,4,4,2.47,22.55,,,-23.45,-20.91,0,0,11.3,2.634,4,527.38408,-7.148818501,547.88,-9.899832059,28815.14,4.22,759.17,1612.79,570.42,-10.28828027
INSP,3,elevated,1,0.23,4,4,1.3,38.19,,,-22.45,-22.19,0,0,11.27,2.629,3.92,617.075093,-7.92440459,437.69,-8.893617776,28815.14,4.17,774.27,2943.61,476.05,-0.552037079
INSP,3,elevated,2,0.243,4,4,1.25,40.46,,,-23.03,-23.49,0,0,11.93,2.782,3.92,672.171001,-5.979871241,465.88,-8.718311611,28815.14,4.17,912.68,3965.86,487.38,-2.112702099
INSP,3,elevated,4,0.23,4,4,2.47,22.55,,,-23.53,-20.91,0,0,11.3,2.634,3.92,473.569473,4.089456262,492.79,-9.463362814,28815.14,4.17,630.82,1618.91,479.83,-7.837415197
INSP,4,ambient,2,0.236,4,4,0.88,15.38,,,-22.92,-19.39,0,0,11.55,2.692,3.92,479.975974,227.0386647,453.07,-8.559170973,28815.14,4.17,667.31,1884.19,468.5,-6.293127947
INSP,4,ambient,3,0.2,4,4,1.61,27.82,,,-23.39,-17.21,0,0,9.8,2.286,3.92,488.945075,-9.752186907,481.26,-8.964746098,28815.14,4.17,628.31,1612.12,472.28,-10
INSP,4,ambient,4,0.243,4,4,1.16,30.99,,,-22.96,-18.22,0,0,11.91,2.777,3.92,437.693068,-4.139156502,477.41,-7.789691861,28815.14,4.17,731.49,1485.36,511.28,-8.447828341
INSP,5,ambient,2,0.255,4,4,1.3,28.41,,,-21.72,-18.3,0,0,12.48,2.909,3.87,392.847561,-7.42004013,427.44,-7.74227298,28815.14,4.1,712.61,1363.84,499.96,-6.785825868
INSP,5,ambient,3,0.249,4,4,1.41,36.13,,,-22.52,-21.29,0,0,12.21,2.846,3.87,558.135285,-7.8715972,471.01,-8.292619385,28815.14,4.1,739.04,1729.829674,498.7,-8.796197162
INSP,5,ambient,4,0.259,4,4,0.96,17.35,,,-23.94,-18.53,0,0,12.69,2.96,3.87,479.975974,-5.096874202,528.67,-10.22350184,28815.14,4.1,600.62,1094.04,479.83,-9.33768719
INSP,6,ambient,1,0.325,4,4,1.79,35.08,,,-21.74,-18.17,0,0,15.95,3.718,3.83,476.132073,-4.490846536,482.54,-8.473673294,28815.14,4.03,879.97,1757.2,459.69,-9.063018335
INSP,6,ambient,2,0.246,4,4,3.41,108.44,,,-21.63,-20.75,0,0,12.08,2.817,3.83,995.058648,-11.88675501,522.26,-9.171305616,28815.14,4.03,1548.12,4632.08,515.06,3.62
INSP,6,ambient,3,0.26,4,4,1.2,41.92,,,-22.27,-19.14,0,0,12.75,2.971,3.83,563.260486,-3.904576736,527.38,-9.429594824,28815.14,4.03,877.45,1579.01,471.02,-9.37
LATR,1,elevated,1,0.267,4,4,5.14,81.52,0.549,9.371,-24.74,-23.19,0,0,13.055,3.264,4.22,521,-14.09,454,-10.6,28815.14,5.17,945.83,2411.24,400.78,-7.3
LATR,1,elevated,6,0.273,4,4,2.71,27.13,0.355,7.652,-24.13,-21.66,0,0,13.349,3.337,4.22,1045,-19.13,454,-10.6,28815.14,5.17,1240.63,5506.51,341.82,-1.36
LATR,1,elevated,7,0.307,4,4,4.17,42.12,0.5,8.345,-24.61,-22.17,0,0,15.018,3.754,4.22,657,-15.75,454,-10.6,28815.14,5.17,1376.9,4981.38,464.98,1.7
LATR,2,elevated,1,0.355,4,4,2.86,27.56,0.364,7.873,-24.85,-22.92,0,0,17.374,4.343,4.12,582,-14.68,454,-10.6,28815.14,5,886.87,2618.1,377.19,-8.57
LATR,2,elevated,6,0.318,4,4,2.61,21.65,0.349,7.479,-25.59,-23.33,0,0,15.576,3.894,4.12,485,-14.37,454,-10.6,28815.14,5,1084.72,3493.76,373.26,-9.27
LATR,2,elevated,7,0.362,4,4,2.37,31.79,0.332,7.13,-25.77,-23.16,0,0,17.731,4.433,4.12,427,-13.09,454,-10.6,28815.14,5,842.32,2087.57,390.3,-11.17
LATR,3,elevated,2,0.299,4,4,2.4,18.13,0.32,7.495,-25.02,-22.53,0,0,14.635,3.659,4.05,522,-14.2,454,-10.6,28815.14,4.92,758.47,1987.46,381.12,-8.27
LATR,3,elevated,5,0.232,4,4,2.9,30.46,0.346,8.371,-24.59,-21.85,0,0,11.386,2.847,4.05,547,-15.44,454,-10.6,28815.14,4.92,1082.1,4017.35,385.05,-7.32
LATR,3,elevated,6,0.267,4,4,3.79,39.99,0.445,8.524,-24.88,-23.26,0,0,13.074,3.269,4.05,482,-13.58,454,-10.6,28815.14,4.92,856.74,2871.64,404.71,-1.76
LATR,4,ambient,1,0.382,4,4,3.8,76.68,0.47,8.072,-24.44,-22.02,0,0,18.696,4.674,3.98,684,-14.87,454,-10.6,28815.14,4.88,699.51,3199.58,320.85,-8.3
LATR,4,ambient,2,0.345,4,4,2.96,65.14,0.384,7.713,-24.93,-22.9,0,0,16.91,4.227,3.98,661,-15.7,454,-10.6,28815.14,4.88,1193.47,4471.43,306.44,-3.76
LATR,4,ambient,6,0.283,4,4,7.73,93.07,0.754,10.258,-23.5,-21.95,0,0,13.855,3.464,3.98,769,-14.24,454,-10.6,28815.14,4.83,1873.47,4063.42,318.23,-3.6
LATR,5,ambient,1,0.279,4,4,2.54,22.71,0.329,7.717,-24.47,-19.75,0,0,13.687,3.422,3.88,519,-13.34,454,-10.6,28815.14,4.82,861.98,1811.62,371.95,-7.42
LATR,5,ambient,2,0.278,4,4,5,66.16,0.567,8.817,-23.06,-21.74,0,0,13.616,3.404,3.88,1022,-17.51,454,-10.6,28815.14,4.82,1431.93,5145.43,348.37,-0.42
LATR,5,ambient,5,0.339,4,4,4.24,74.45,0.529,8.003,-24.57,-22.17,0,0,16.587,4.147,3.88,738,-15.75,454,-10.6,28815.14,4.82,1114.85,4220.81,322.16,-7.18
LATR,6,ambient,1,0.253,4,4,1.48,12.45,0.213,6.948,-25.52,-18.7,0,0,12.368,3.092,3.77,382,-11,454,-10.6,28815.14,4.77,488.56,560.94,299.89,-8.93
LATR,6,ambient,2,0.288,4,4,1.75,98.7,0.255,6.852,-25.9,-21.9,0,0,14.106,3.527,3.77,739,-16.19,454,-10.6,28815.14,4.77,1079.48,4727.73,354.92,-4.14
LATR,6,ambient,6,0.297,4,4,3.72,41.22,0.45,8.25,-23.98,-21.67,0,0,14.538,3.634,3.77,513,-13.99,454,-10.6,28815.14,4.77,812.19,2688.77,378.5,-9.63
INSP,1,elevated,2,0.254,8,8,1,23.68,,,-24.06,-20.89,0,0,12.45,2.903,4,439.92,-9.34,389.0036605,-7.028475129,28815.14,3.58,625.79,3915.2,432.01,41.89
INSP,1,elevated,3,0.212,8,8,1.74,28.41,,,-22.53,-22.28,0,0,10.39,2.423,4,509.04,-10.15,426.1613659,-8.528995321,28815.14,3.58,598.11,3129.66,437.05,71.92
INSP,1,elevated,4,0.262,8,8,1.46,44.1,,,-23.37,-20.77,0,0,12.84,2.994,4,546.74,-4,453.0686698,-8.306270275,28815.14,3.58,645.92,4100.83,414.4,67.94
INSP,2,elevated,1,0.23,8,8,1.3,38.19,,,-23.09,-22.19,0,0,11.27,2.629,4,542.97,-9.1,464.6003714,-7.517033296,28815.14,3.58,661.02,4632.62,439.56,-3.44
INSP,2,elevated,2,0.243,8,8,1.25,40.46,,,-24.07,-23.49,0,0,11.93,2.782,4,656.07,-10.76,483.8198742,-9.380020539,28815.14,3.58,744.07,5253.309721,406.85,0.078165871
INSP,2,elevated,4,0.23,8,8,2.47,22.55,,,-23.45,-20.91,0,0,11.3,2.634,4,608.31,-8.97,668.3271007,-12.51721059,28815.14,3.58,608.17,2597.74,420.69,-1.57
INSP,3,elevated,1,0.23,8,8,1.3,38.19,,,-22.45,-22.19,0,0,11.27,2.629,4,549.25,-8.32,422.3174653,-8.257055224,28815.14,3.53,667.31,4801.75,408.1,-2.72
INSP,3,elevated,2,0.243,8,8,1.25,40.46,,,-23.03,-23.49,0,0,11.93,2.782,4,664.86,-11.57,512.0084782,-10.10962468,28815.14,3.53,746.59,5620.91,415.65,5.43
INSP,3,elevated,4,0.23,8,8,2.47,22.55,,,-23.53,-20.91,0,0,11.3,2.634,4,512.81,-0.76,485.1011744,-8.829674134,28815.14,3.53,471.02,2070.14,408.1,-4.63
INSP,4,ambient,2,0.236,8,8,0.88,15.38,,,-22.92,-19.39,0,0,11.55,2.692,4,476.37,-9.14,421.0361651,-7.121875955,28815.14,3.62,551.55,2678.16,415.65,-6.03
INSP,4,ambient,3,0.2,8,8,1.61,27.82,,,-23.39,-17.21,0,0,9.8,2.286,4,516.58,9.11,435.1304672,-7.176838749,28815.14,3.62,642.15,2478.1,559.1,-10.47
INSP,4,ambient,4,0.243,8,8,1.16,30.99,,,-22.96,-18.22,0,0,11.91,2.777,4,603.29,-6.77,601.6994911,-11.11368356,28815.14,3.58,629.57,2596.08,425.72,-0.36
INSP,5,ambient,2,0.255,8,8,1.3,28.41,,,-21.72,-18.3,0,0,12.48,2.909,4,442.44,-7.26,389.0036605,-6.814012464,28815.14,3.58,534.7,1551.800563,419.43,-7.36
INSP,5,ambient,3,0.249,8,8,1.41,36.13,,,-22.52,-21.29,0,0,12.21,2.846,4,527.89,-8.35,438.9743677,-8.965464565,28815.14,3.58,644.62,2664.526394,414.4,42.88
INSP,5,ambient,4,0.259,8,8,0.96,17.35,,,-23.94,-18.53,0,0,12.69,2.96,4,491.45,-6.84,455.6312701,-7.668270787,28815.14,3.58,512.71,1335.296764,413.14,23.36
INSP,6,ambient,1,0.325,8,8,1.79,35.08,,,-21.74,-18.17,0,0,15.95,3.718,4,524.12,-7.89,491.5076753,-8.431283688,28815.14,3.58,563.15,1885.095037,420.69,-7.53
INSP,6,ambient,2,0.246,8,8,3.41,108.44,,,-21.63,-20.75,0,0,12.08,2.817,4,859.65,-11.09,510.7271781,-7.743709915,28815.14,3.58,854.12,5213.958724,401.81,-8.714308311
INSP,6,ambient,3,0.26,8,8,1.2,41.92,,,-22.27,-19.14,0,0,12.75,2.971,4,574.38,-7.56,476.1320731,-6.131467966,28815.14,3.58,497.19,1013.635976,406.85,-5.68
LATR,1,elevated,1,0.267,8,8,5.14,81.52,0.549,9.371,-24.74,-23.19,0,0,13.055,3.264,3.5,522,-12.1,466,-9.71,28815.14,3.42,704.75,4337.26,315.61,3.02
LATR,1,elevated,6,0.273,8,8,2.71,27.13,0.355,7.652,-24.13,-21.66,0,0,13.349,3.337,3.5,832,-16.18,396,-9.15,28815.14,3.42,926.18,6516.31,340.51,74.38
LATR,1,elevated,7,0.307,8,8,4.17,42.12,0.5,8.345,-24.61,-22.17,0,0,15.018,3.754,3.5,615,-13.73,477,-11.19,28815.14,3.42,800.4,6578.11,350.99,14.37
LATR,2,elevated,1,0.355,8,8,2.86,27.56,0.364,7.873,-24.85,-22.92,0,0,17.374,4.343,3.45,537.752,-12.89,448,-9.99,28815.14,3.45,585.52,3983.5,328.71,-1.88
LATR,2,elevated,6,0.318,8,8,2.61,21.65,0.349,7.479,-25.59,-23.33,0,0,15.576,3.894,3.45,556.655,-13.8,455,-10.48,28815.14,3.45,838.39,4831.13,576.35,-5.37
LATR,2,elevated,7,0.362,8,8,2.37,31.79,0.332,7.13,-25.77,-23.16,0,0,17.731,4.433,3.45,517.668,-13.5,488,-11.22,28815.14,3.45,703.44,3331.11,447.95,-6.42
LATR,3,elevated,2,0.299,8,8,2.4,18.13,0.32,7.495,-25.02,-22.53,0,0,14.635,3.659,3.42,508.216,-12.6,425,-9.77,28815.14,3.47,613.03,2902.03,440.08,-6.61
LATR,3,elevated,5,0.232,8,8,2.9,30.46,0.346,8.371,-24.59,-21.85,0,0,11.386,2.847,3.42,550.748,-13.63,373,-8.15,28815.14,3.47,797.78,5368.65,449.26,4.35
LATR,3,elevated,6,0.267,8,8,3.79,39.99,0.445,8.524,-24.88,-23.26,0,0,13.074,3.269,3.42,497.583,-12.07,394,-8.2,28815.14,3.47,678.55,4192.85,464.98,-3.97
LATR,4,ambient,1,0.382,8,8,3.8,76.68,0.47,8.072,-24.44,-22.02,0,0,18.696,4.674,3.43,588.554,-11.69,573,-13.03,28815.14,3.48,616.96,4251.77,335.27,10.91
LATR,4,ambient,2,0.345,8,8,2.96,65.14,0.384,7.713,-24.93,-22.9,0,0,16.91,4.227,3.43,709.06,-14.38,566,-13.06,28815.14,3.48,826.6,6336.61,322.16,11.38
LATR,4,ambient,6,0.283,8,8,7.73,93.07,0.754,10.258,-23.5,-21.95,0,0,13.855,3.464,3.43,655.895,-13.64,422,-9.69,28815.14,3.48,902.59,5993.26,297.27,11.07
LATR,5,ambient,1,0.279,8,8,2.54,22.71,0.329,7.717,-24.47,-19.75,0,0,13.687,3.422,3.4,553.111,-12.84,442,-10.3,28815.14,3.52,449.35,1854.15,357.54,-2.88
LATR,5,ambient,2,0.278,8,8,5,66.16,0.567,8.817,-23.06,-21.74,0,0,13.616,3.404,3.4,627.541,-11.14,559,-12.57,28815.14,3.52,1117.77,8986.62,438.77,10.5
LATR,5,ambient,5,0.339,8,8,4.24,74.45,0.529,8.003,-24.57,-22.17,0,0,16.587,4.147,3.4,833.11,-15.19,557,-12.51,28815.14,3.52,610.89,5702.68,335.27,22.13
LATR,6,ambient,1,0.253,8,8,1.48,12.45,0.213,6.948,-25.52,-18.7,0,0,12.368,3.092,3.38,544.841,-12.07,580,-12.76,28815.14,3.52,367.4,496.77,370.64,-7.87
LATR,6,ambient,2,0.288,8,8,1.75,98.7,0.255,6.852,-25.9,-21.9,0,0,14.106,3.527,3.38,759.861,-14.38,439,-10.21,28815.14,3.52,859.07,8331.21,343.13,-2.01
LATR,6,ambient,6,0.297,8,8,3.72,41.22,0.45,8.25,-23.98,-21.67,0,0,14.538,3.634,3.38,523.575,-12.67,399,-9.05,28815.14,3.52,551.19,4124.06,336.58,-4.31
INSP,1,elevated,2,0.254,12,12,1,23.68,,,-24.06,-20.89,0,0,12.45,2.903,3.25,424.8427725,-8.2,350.7000101,-6.41,28815.14,3.67,635.57,4957.61358,432.53,57.78655848
INSP,1,elevated,3,0.212,12,12,1.74,28.41,,,-22.53,-22.28,0,0,10.39,2.423,3.25,475.109052,-8.94,379.6031209,-7.19,28815.14,3.67,636.86,4668.497661,459.69,6.345143784
INSP,1,elevated,4,0.262,12,12,1.46,44.1,,,-23.37,-20.77,0,0,12.84,2.994,3.25,486.4189649,-7.8,384.6297488,-7.08,28815.14,3.67,622.64,5003.599698,395.03,15.14696939
INSP,2,elevated,1,0.23,12,12,1.3,38.19,,,-23.09,-22.19,0,0,11.27,2.629,3.25,510.2954477,-8.53,412.2762026,-6.45,28815.14,3.67,714.45,5632.670204,494.61,-2.935045559
INSP,2,elevated,2,0.243,12,12,1.25,40.46,,,-24.07,-23.49,0,0,11.93,2.782,3.25,602.031408,-9.37,451.2325693,-7.94,28815.14,3.67,753.25,7180.864365,445.47,9.676881688
INSP,2,elevated,4,0.23,12,12,2.47,22.55,,,-23.45,-20.91,0,0,11.3,2.634,3.25,515.3220757,-7.53,428.6127434,-4.54,28815.14,3.67,702.81,3231.275148,439,-0.13949189
INSP,3,elevated,1,0.23,12,12,1.3,38.19,,,-22.45,-22.19,0,0,11.27,2.629,3.25,525.3753316,-8.42,397.1963187,-7.27,28815.14,3.67,722.21,5709.075618,404.08,-8.803153404
INSP,3,elevated,2,0.243,12,12,1.25,40.46,,,-23.03,-23.49,0,0,11.93,2.782,3.25,564.3316983,-10.43,409.7628886,-7.59,28815.14,3.67,873.52,7699.284598,426.07,40.05213883
INSP,3,elevated,4,0.23,12,12,2.47,22.55,,,-23.53,-20.91,0,0,11.3,2.634,3.25,495.2155639,-3.66,385.8864058,-5.98,28815.14,3.67,618.76,3511.179791,414.43,-7.892144452
INSP,4,ambient,2,0.236,12,12,0.88,15.38,,,-22.92,-19.39,0,0,11.55,2.692,3.25,431.1260574,-8.4,378.3464639,-6.16,28815.14,3.62,563.15,3246.926349,427.36,1.12213785
INSP,4,ambient,3,0.2,12,12,1.61,27.82,,,-23.39,-17.21,0,0,9.8,2.286,3.25,511.5521047,-8.86,444.9492843,-7.4,28815.14,3.62,617.46,2611.374232,444.17,-2.283220335
INSP,4,ambient,4,0.243,12,12,1.16,30.99,,,-22.96,-18.22,0,0,11.91,2.777,3.25,579.4115821,-7.65,486.4189649,-9.08,28815.14,3.62,550.22,2127.110448,435.12,2.631185519
INSP,5,ambient,2,0.255,12,12,1.3,28.41,,,-21.72,-18.3,0,0,12.48,2.909,3.25,504.0121628,-8.24,360.753266,-7.35,28815.14,3.62,576.08,2591.680639,458.4,3.645061164
INSP,5,ambient,3,0.249,12,12,1.41,36.13,,,-22.52,-21.29,0,0,12.21,2.846,3.25,588.2081811,-8.57,405.9929176,-8.38,28815.14,3.62,678.24,3727.895374,444.17,0.08842843
INSP,5,ambient,4,0.259,12,12,0.96,17.35,,,-23.94,-18.53,0,0,12.69,2.96,3.25,483.905651,-7.05,389.6563768,-3.51,28815.14,3.62,635.57,2573.940505,479.09,-2.449958504
INSP,6,ambient,1,0.325,12,12,1.79,35.08,,,-21.74,-18.17,0,0,15.95,3.718,3.25,553.0217854,-8.61,419.8161445,-8.66,28815.14,3.62,688.59,4604.673921,391.15,-3.111532533
INSP,6,ambient,2,0.246,12,12,3.41,108.44,,,-21.63,-20.75,0,0,12.08,2.817,3.25,759.1135316,-9.62,540.4552155,-10.25,28815.14,3.62,1048.1,7104.178254,420.89,76.22423669
INSP,6,ambient,3,0.26,12,12,1.2,41.92,,,-22.27,-19.14,0,0,12.75,2.971,3.25,549.2518144,-7.4,408.5062316,-5.12,28815.14,3.62,669.19,3424.979519,415.72,38.43081183
LATR,1,elevated,1,0.267,12,12,5.14,81.52,0.549,9.371,-24.74,-23.19,0,0,13.055,3.264,3.62,551.929,-12.8,374.714,-8.74,28815.14,3.43,670.59,6483.07,383.79,389.24
LATR,1,elevated,6,0.273,12,12,2.71,27.13,0.355,7.652,-24.13,-21.66,0,0,13.349,3.337,3.62,911.085,-16.23,369.989,-8.9,28815.14,3.43,801.7,8492.34,376.77,803.24
LATR,1,elevated,7,0.307,12,12,4.17,42.12,0.5,8.345,-24.61,-22.17,0,0,15.018,3.754,3.62,666.528,-14.03,416.064,-10.41,28815.14,3.43,763.07,9310.15,341.65,240.58
LATR,2,elevated,1,0.355,12,12,2.86,27.56,0.364,7.873,-24.85,-22.92,0,0,17.374,4.343,3.58,574.376,-13.1,485.769,-11.74,28815.14,3.43,579.29,5648.13,370.91,501.66
LATR,2,elevated,6,0.318,12,12,2.61,21.65,0.349,7.479,-25.59,-23.33,0,0,15.576,3.894,3.58,575.558,-13.47,494.039,-11.9,28815.14,3.43,685.81,7039.01,544.17,330.76
LATR,2,elevated,7,0.362,12,12,2.37,31.79,0.332,7.13,-25.77,-23.16,0,0,17.731,4.433,3.58,489.313,-12.67,382.984,-9.16,28815.14,3.43,654.21,4687.3,530.12,341.48
LATR,3,elevated,2,0.299,12,12,2.4,18.13,0.32,7.495,-25.02,-22.53,0,0,14.635,3.659,3.57,495.22,-12.39,374.714,-8.7,28815.14,3.4,612.06,4696.24,413.06,450.61
LATR,3,elevated,5,0.232,12,12,2.9,30.46,0.346,8.371,-24.59,-21.85,0,0,11.386,2.847,3.57,564.925,-13.33,348.723,-8.09,28815.14,3.4,729.13,7748.39,352.18,296.08
LATR,3,elevated,6,0.267,12,12,3.79,39.99,0.445,8.524,-24.88,-23.26,0,0,13.074,3.269,3.57,521.212,-12.11,386.529,-9.24,28815.14,3.4,658.89,5882.24,420.08,445.83
LATR,4,ambient,1,0.382,12,12,3.8,76.68,0.47,8.072,-24.44,-22.02,0,0,18.696,4.674,3.55,570.832,-11.46,429.06,-10.52,28815.14,3.48,642.5,5954.01,352.18,181.98
LATR,4,ambient,2,0.345,12,12,2.96,65.14,0.384,7.713,-24.93,-22.9,0,0,16.91,4.227,3.55,713.785,-14.09,463.322,-11.56,28815.14,3.48,754.88,7829.14,342.82,1036.76
LATR,4,ambient,6,0.283,12,12,7.73,93.07,0.754,10.258,-23.5,-21.95,0,0,13.855,3.464,3.55,709.06,-14.01,395.98,-9.38,28815.14,3.48,822.78,9698.47,358.04,1028.45
LATR,5,ambient,1,0.279,12,12,2.54,22.71,0.329,7.717,-24.47,-19.75,0,0,13.687,3.422,3.53,525.938,-12.07,397.161,-9.61,28815.14,3.45,558.21,4966.86,341.65,595.2
LATR,5,ambient,2,0.278,12,12,5,66.16,0.567,8.817,-23.06,-21.74,0,0,13.616,3.404,3.53,952.435,-14.65,525.938,-12.4,28815.14,3.45,936.33,8309.2,393.16,2059.52
LATR,5,ambient,5,0.339,12,12,4.24,74.45,0.529,8.003,-24.57,-22.17,0,0,16.587,4.147,3.53,655.895,-13.22,427.879,-10.39,28815.14,3.45,706.88,8688.99,347.5,1671.2
LATR,6,ambient,1,0.253,12,12,1.48,12.45,0.213,6.948,-25.52,-18.7,0,0,12.368,3.092,3.52,492.858,-11.32,420.79,-10.05,28815.14,3.45,397.84,1740.92,311.21,246.87
LATR,6,ambient,2,0.288,12,12,1.75,98.7,0.255,6.852,-25.9,-21.9,0,0,14.106,3.527,3.52,709.06,-13.71,382.984,-9.23,28815.14,3.45,933.99,8343.16,372.09,2442.75
LATR,6,ambient,6,0.297,12,12,3.72,41.22,0.45,8.25,-23.98,-21.67,0,0,14.538,3.634,3.52,517.668,-11.81,351.086,-8.21,28815.14,3.45,698.69,5538.88,368.57,1231.9
INSP,1,elevated,2,0.254,24,24,1,23.68,,,-24.06,-20.89,0,0,12.45,2.903,11.58,560.1551613,-9.708083067,421.0728015,-5.12,28815.14,11.75,1189.06,10950.20323,579.96,29.85388106
INSP,1,elevated,3,0.212,24,24,1.74,28.41,,,-22.53,-22.28,0,0,10.39,2.423,11.58,870.9544603,-11.04152941,550.5084714,-10.24,28815.14,11.75,1332.61,9966.294069,521.76,1.443848391
INSP,1,elevated,4,0.262,24,24,1.46,44.1,,,-23.37,-20.77,0,0,12.84,2.994,11.58,803.3378189,-10.56167328,845.8228639,-14.35,28815.14,11.75,1146.38,10382.1041,495.9,6.074866589
INSP,2,elevated,1,0.23,24,24,1.3,38.19,,,-23.09,-22.19,0,0,11.27,2.629,11.58,722.672352,-11.01703971,537.9419015,-10.16,28815.14,11.68,1408.91,11480.27867,462.28,-3.457110836
INSP,2,elevated,2,0.243,24,24,1.25,40.46,,,-24.07,-23.49,0,0,11.93,2.782,11.58,870.9544603,-12.456963,495.2155639,-9.02,28815.14,11.68,1242.08,7206.180329,559.27,37.87546615
INSP,2,elevated,4,0.23,24,24,2.47,22.55,,,-23.45,-20.91,0,0,11.3,2.634,11.58,609.9779497,-9.110747377,419.8161445,-6.87,28815.14,11.68,1115.35,9373.122021,567.03,3.346546054
INSP,3,elevated,1,0.23,24,24,1.3,38.19,,,-22.45,-22.19,0,0,11.27,2.629,11.58,829.43547,-12.24294433,497.7288779,-9.27,28815.14,11.65,1410.2,11914.67597,611,4.297558719
INSP,3,elevated,2,0.243,24,24,1.25,40.46,,,-23.03,-23.49,0,0,11.93,2.782,11.58,825.8766994,-11.99485303,417.3028305,-7.04,28815.14,11.65,1359.76,7394.983069,450.64,71.83290461
INSP,3,elevated,4,0.23,24,24,2.47,22.55,,,-23.53,-20.91,0,0,11.3,2.634,11.63,642.0068851,-5.396476432,414.7895166,-6.54,28815.14,11.65,1086.9,8567.109709,462.28,10.72033991
INSP,4,ambient,2,0.236,24,24,0.88,15.38,,,-22.92,-19.39,0,0,11.55,2.692,11.55,592.1840967,-9.270817725,495.2155639,-9.26,28815.14,11.63,965.34,8426.552457,445.47,-7.278642114
INSP,4,ambient,3,0.2,24,24,1.61,27.82,,,-23.39,-17.21,0,0,9.8,2.286,11.55,577.9490143,-9.400719604,473.8523951,-8.61,28815.14,11.63,987.98,7808.398476,616.17,-7.508915594
INSP,4,ambient,4,0.243,24,24,1.16,30.99,,,-22.96,-18.22,0,0,11.91,2.777,11.55,700.1334715,-8.441717207,634.7044897,-10.92,28815.14,11.63,1083.89,7549.259048,559.27,-3.456102339
INSP,5,ambient,2,0.255,24,24,1.3,28.41,,,-21.72,-18.3,0,0,12.48,2.909,11.55,535.2437671,-8.158843442,411.0195456,-6.91,28815.14,11.6,934.04,6528.489858,621.34,-9.418000405
INSP,5,ambient,3,0.249,24,24,1.41,36.13,,,-22.52,-21.29,0,0,12.21,2.846,11.55,830.6217268,-9.5952175,485.162308,-8.75,28815.14,11.6,1189.38,8473.474989,639.45,-7.72944027
INSP,5,ambient,4,0.259,24,24,0.96,17.35,,,-23.94,-18.53,0,0,12.69,2.96,11.55,551.8513632,-8.088213732,422.3294585,-6.3,28815.14,11.6,697.87,4387.419799,552.8,-7.199643183
INSP,6,ambient,1,0.325,24,24,1.79,35.08,,,-21.74,-18.17,0,0,15.95,3.718,11.55,646.7519125,-9.541624102,405.9929176,-6.28,28815.14,11.57,1214.55,10108.14413,523.06,-6.522941699
INSP,6,ambient,2,0.246,24,24,3.41,108.44,,,-21.63,-20.75,0,0,12.08,2.817,11.55,1122.440916,-12.97195651,439.1569609,-5.6,28815.14,11.57,1676.09,5053.493624,482.97,10.71765059
INSP,6,ambient,3,0.26,24,24,1.2,41.92,,,-22.27,-19.14,0,0,12.75,2.971,11.55,696.5747009,-9.323346354,436.7844472,-4.09,28815.14,11.57,1159.41,9072.109382,442.88,-2.677206494
LATR,1,elevated,1,0.267,24,24,5.14,81.52,0.549,9.371,-24.74,-23.19,0,0,13.055,3.264,11.5,804.661,-14.53,458.596,-11.16,28815.14,11.5,1217.28,11352.17,478.61,99.05
LATR,1,elevated,6,0.273,24,24,2.71,27.13,0.355,7.652,-24.13,-21.66,0,0,13.349,3.337,11.5,1499.926,-19.6,509.398,-12.36,28815.14,11.5,1657.43,6971.68,391.99,273.8
LATR,1,elevated,7,0.307,24,24,4.17,42.12,0.5,8.345,-24.61,-22.17,0,0,15.018,3.754,11.5,1023.269,-16.59,452.689,-10.92,28815.14,11.5,1184.5,8084.1,466.91,133.77
LATR,2,elevated,1,0.355,24,24,2.86,27.56,0.364,7.873,-24.85,-22.92,0,0,17.374,4.343,11.48,750.572,-15.14,554.292,-13.29,28815.14,11.5,1210.25,11296.05,406.03,94.27
LATR,2,elevated,6,0.318,24,24,2.61,21.65,0.349,7.479,-25.59,-23.33,0,0,15.576,3.894,11.48,863.257,-15.28,521.212,-12.6,28815.14,11.5,1300.39,11801.27,470.42,110.3
LATR,2,elevated,7,0.362,24,24,2.37,31.79,0.332,7.13,-25.77,-23.16,0,0,17.731,4.433,11.48,644.648,-14.37,492.858,-11.85,28815.14,11.5,959.74,9633,432.96,108.34
LATR,3,elevated,2,0.299,24,24,2.4,18.13,0.32,7.495,-25.02,-22.53,0,0,14.635,3.659,11.47,592.813,-13.19,425.516,-10.36,28815.14,11.5,979.64,9842.24,400.18,92.32
LATR,3,elevated,5,0.232,24,24,2.9,30.46,0.346,8.371,-24.59,-21.85,0,0,11.386,2.847,11.47,880.159,-16.27,416.064,-10.14,28815.14,11.5,992.52,7357.94,393.16,97.88
LATR,3,elevated,6,0.267,24,24,3.79,39.99,0.445,8.524,-24.88,-23.26,0,0,13.074,3.269,11.47,680.707,-13.73,413.702,-10.01,28815.14,11.5,1074.46,11479.86,418.91,99.28
LATR,4,ambient,1,0.382,24,24,3.8,76.68,0.47,8.072,-24.44,-22.02,0,0,18.696,4.674,11.43,836.212,-13.65,453.084,-11.53,28815.14,11.5,1251.663928,9531.09,455.2,250.36
LATR,4,ambient,2,0.345,24,24,2.96,65.14,0.384,7.713,-24.93,-22.9,0,0,16.91,4.227,11.43,898.189,-15.68,442.056,-11.29,28815.14,11.5,1482.239998,9809.14,558.21,274.77
LATR,4,ambient,6,0.283,24,24,7.73,93.07,0.754,10.258,-23.5,-21.95,0,0,13.855,3.464,11.43,1084.119,-10.91,434.967,-10.63,28815.14,11.5,1346.05,9785.71,339.31,98.18
LATR,5,ambient,1,0.279,24,24,2.54,22.71,0.329,7.717,-24.47,-19.75,0,0,13.687,3.422,11.42,764.094,-14.27,666.058,-15.41,28815.14,11.5,1241.955462,8754.64,601.53,84.21
LATR,5,ambient,2,0.278,24,24,5,66.16,0.567,8.817,-23.06,-21.74,0,0,13.616,3.404,11.42,1735.437,-18.01,506.046,-12.78,28815.14,11.5,1792.910913,5543.68,484.47,97.48
LATR,5,ambient,5,0.339,24,24,4.24,74.45,0.529,8.003,-24.57,-22.17,0,0,16.587,4.147,11.42,1040.172,-6.18,575.911,-14.15,28815.14,11.5,1416.707852,9235.51,402.52,117.57
LATR,6,ambient,1,0.253,24,24,1.48,12.45,0.213,6.948,-25.52,-18.7,0,0,12.368,3.092,11.4,545.486,-10.68,555.627,-13.47,28815.14,11.5,766.2406228,4314.86,550.02,79.37
LATR,6,ambient,2,0.288,24,24,1.75,98.7,0.255,6.852,-25.9,-21.9,0,0,14.106,3.527,11.4,1150.603,-16.17,402.376,-10.21,28815.14,11.5,1423.989201,6567.91,490.32,110.47
LATR,6,ambient,6,0.297,24,24,3.72,41.22,0.45,8.25,-23.98,-21.67,0,0,14.538,3.634,11.4,662.678,-13.18,398.995,-10.06,28815.14,11.5,1229.819879,9148.65,395.5,101.09
INSP,1,elevated,2,0.254,48,48,1,23.68,,,-24.06,-20.89,0,0,12.45,2.903,23.62,779.6126816,-11.60443755,631.3305733,-11.46353305,28815.14,23.98,1174.99,8368.681256,622.35,248.4476476
INSP,1,elevated,3,0.212,48,48,1.74,28.41,,,-22.53,-22.28,0,0,10.39,2.423,23.62,1089.225724,-12.98437882,747.5837462,-13.50327649,28815.14,23.98,1409.96,6440.054879,617.55,20.70734478
INSP,1,elevated,4,0.262,48,48,1.46,44.1,,,-23.37,-20.77,0,0,12.84,2.994,23.62,1121.254659,-13.28499875,889.9345702,-14.77851543,28815.14,23.98,1155.81,8220.947733,637.93,37.66502659
INSP,2,elevated,1,0.23,48,48,1.3,38.19,,,-23.09,-22.19,0,0,11.27,2.629,23.62,1028.726624,-13.06370415,549.4788495,-9.856795874,28815.14,23.98,1399.17,6947.728601,504.87,16.3311906
INSP,2,elevated,2,0.243,48,48,1.25,40.46,,,-24.07,-23.49,0,0,11.93,2.782,23.62,1249.370401,-10.3888257,590.9978398,-10.86300305,28815.14,23.98,1679.69,4471.781464,500.07,10.54887364
INSP,2,elevated,4,0.23,48,48,2.47,22.55,,,-23.45,-20.91,0,0,11.3,2.634,23.62,822.3179288,-10.56912667,625.3992889,-11.39751734,28815.14,23.98,1457.91,8102.738228,669.1,83.48635202
INSP,3,elevated,1,0.23,48,48,1.3,38.19,,,-22.45,-22.19,0,0,11.27,2.629,23.63,1125.999687,-9.252716644,793.847764,-12.61241934,28815.14,24.02,1403.96,6872.973408,417.35,14.25250049
INSP,3,elevated,2,0.243,48,48,1.25,40.46,,,-23.03,-23.49,0,0,11.93,2.782,23.63,1229.204034,-14.00655755,525.7537122,-9.052894901,28815.14,24.02,1662.91,4698.781717,537.23,10.48675264
INSP,3,elevated,4,0.23,48,48,2.47,22.55,,,-23.53,-20.91,0,0,11.3,2.634,23.63,757.0738011,-7.06035624,445.0882452,-6.78813017,28815.14,24.02,1352.42,8584.593586,551.62,8.103872214
INSP,4,ambient,2,0.236,48,48,0.88,15.38,,,-22.92,-19.39,0,0,11.55,2.692,23.58,779.6126816,-10.25359998,741.6524619,-13.13344655,28815.14,24.02,1263.71,9481.366226,453.32,-0.39927691
INSP,4,ambient,3,0.2,48,48,1.61,27.82,,,-23.39,-17.21,0,0,9.8,2.286,23.58,740.466205,-10.89423629,617.0954909,-10.89033214,28815.14,24.02,1163.01,8984.618034,467.7,18.02770154
INSP,4,ambient,4,0.243,48,48,1.16,30.99,,,-22.96,-18.22,0,0,11.91,2.777,23.58,728.6036363,-8.832487614,474.7446669,-7.740389028,28815.14,24.02,1243.33,6794.163133,507.26,116.7362782
INSP,5,ambient,2,0.255,48,48,1.3,28.41,,,-21.72,-18.3,0,0,12.48,2.909,23.62,542.3613083,-8.234087154,499.6560611,-8.866915161,28815.14,24.03,1297.27,9327.816625,498.87,2.141269312
INSP,5,ambient,3,0.249,48,48,1.41,36.13,,,-22.52,-21.29,0,0,12.21,2.846,23.62,1040.589192,-10.054843,556.5963907,-10.42822217,28815.14,24.03,1369.2,8047.413402,500.07,14.45506896
INSP,5,ambient,4,0.259,48,48,0.96,17.35,,,-23.94,-18.53,0,0,12.69,2.96,23.62,613.5367203,-8.19894976,454.5783002,-6.87331173,28815.14,24.03,962.81,9389.230321,494.08,14.67418052
INSP,6,ambient,1,0.325,48,48,1.79,35.08,,,-21.74,-18.17,0,0,15.95,3.718,23.62,790.2889934,-9.682883522,472.3721532,-8.270289317,28815.14,24.03,1650.92,9995.454954,672.7,-4.444569247
INSP,6,ambient,2,0.246,48,48,3.41,108.44,,,-21.63,-20.75,0,0,12.08,2.817,23.62,1843.685091,-14.2617473,506.7736023,-9.050055515,28815.14,24.03,2313.85,2827.157432,525.25,3.465391875
INSP,6,ambient,3,0.26,48,48,1.2,41.92,,,-22.27,-19.14,0,0,12.75,2.971,23.62,866.2094328,-9.600896271,445.0882452,-6.502771944,28815.14,24.03,1472.3,8041.405222,471.3,27.3975061
LATR,1,elevated,1,0.267,48,48,5.14,81.52,0.549,9.371,-24.74,-23.19,0,0,13.055,3.264,23.6,1063.836,-16.54,413.644,-10.47,28815.14,23.63,1363.311288,7155.8,451.9290328,45.25
LATR,1,elevated,6,0.273,48,48,2.71,27.13,0.355,7.652,-24.13,-21.66,0,0,13.349,3.337,23.63,2823.972,-22.21,402.376,-10.4,28815.14,23.67,1199.480923,2102.14,454.3561493,236.1
LATR,1,elevated,7,0.307,48,48,4.17,42.12,0.5,8.345,-24.61,-22.17,0,0,15.018,3.754,23.6,1798.54,-19.08,677.327,-15.39,28815.14,23.63,1664.273737,4680.9,455.5697076,31.26
LATR,2,elevated,1,0.355,48,48,2.86,27.56,0.364,7.873,-24.85,-22.92,0,0,17.374,4.343,23.6,944.39,-16.23,420.406,-10.69,28815.14,23.63,1535.636561,8451.04,460.4239406,30.61
LATR,2,elevated,6,0.318,48,48,2.61,21.65,0.349,7.479,-25.59,-23.33,0,0,15.576,3.894,23.6,1277.937,-18.42,593.94,-14.41,28815.14,23.63,1542.917911,6851.44,476.200198,25.33
LATR,2,elevated,7,0.362,48,48,2.37,31.79,0.332,7.13,-25.77,-23.16,0,0,17.731,4.433,23.6,924.106,-16.53,571.403,-13.67,28815.14,23.63,1681.263553,10125.17,438.5798919,40.44
LATR,3,elevated,2,0.299,48,48,2.4,18.13,0.32,7.495,-25.02,-22.53,0,0,14.635,3.659,23.6,895.935,-15.53,502.665,-12.76,28815.14,23.67,1464.036624,8773.46,462.8510571,14.37
LATR,3,elevated,5,0.232,48,48,2.9,30.46,0.346,8.371,-24.59,-21.85,0,0,11.386,2.847,23.6,1303.854,-18.19,367.444,-9.41,28815.14,23.67,1508.93828,4369.41,457.9968241,13.96
LATR,3,elevated,6,0.267,48,48,3.79,39.99,0.445,8.524,-24.88,-23.26,0,0,13.074,3.269,23.6,1069.47,-16.65,403.503,-10.27,28815.14,23.67,1349.962147,6416.9,507.7527129,12.51
LATR,4,ambient,1,0.382,48,48,3.8,76.68,0.47,8.072,-24.44,-22.02,0,0,18.696,4.674,23.58,1268.922,-15.92,633.38,-14.8,28815.14,23.62,1516.219629,6914.19,442.2205667,15.31
LATR,4,ambient,2,0.345,48,48,2.96,65.14,0.384,7.713,-24.93,-22.9,0,0,16.91,4.227,23.58,1372.592,-17.49,454.211,-11.44,28815.14,23.62,1852.375268,6645.4,437.3663336,8.01
LATR,4,ambient,6,0.283,48,48,7.73,93.07,0.754,10.258,-23.5,-21.95,0,0,13.855,3.464,23.58,1690.363,-18.05,396.742,-10.51,28815.14,23.62,1951.887046,5513.04,426.4443093,7.71
LATR,5,ambient,1,0.279,48,48,2.54,22.71,0.329,7.717,-24.47,-19.75,0,0,13.687,3.422,23.58,1019.889,-15.67,463.226,-11.75,28815.14,23.63,1397.290919,7810.53,443.4341249,4.18
LATR,5,ambient,2,0.278,48,48,5,66.16,0.567,8.817,-23.06,-21.74,0,0,13.616,3.404,23.58,3124.84,-19.74,686.342,-15.43,28815.14,23.63,2995.547152,2958.48,487.1222224,0.61
LATR,5,ambient,5,0.339,48,48,4.24,74.45,0.529,8.003,-24.57,-22.17,0,0,16.587,4.147,23.58,1576.551,-17.25,439.562,-11.14,28815.14,23.63,1425.20276,5431.79,460.4239406,13.83
LATR,6,ambient,1,0.253,48,48,1.48,12.45,0.213,6.948,-25.52,-18.7,0,0,12.368,3.092,23.58,635.633,-12.03,522.949,-12.96,28815.14,23.63,1366.951963,9071.52,511.3933876,-3.92
LATR,6,ambient,2,0.288,48,48,1.75,98.7,0.255,6.852,-25.9,-21.9,0,0,14.106,3.527,23.58,1625.006,-17.44,384.346,-9.67,28815.14,23.63,1936.110788,4379.35,467.7052902,12.16
LATR,6,ambient,6,0.297,48,48,3.72,41.22,0.45,8.25,-23.98,-21.67,0,0,14.538,3.634,23.58,1043.69,-14.5,366.317,-9.06,28815.14,23.63,1405.785827,6592.44,510.1798294,5.67
INSP,1,elevated,2,0.254,72,72,1,23.68,,,-24.06,-20.89,0,0,12.45,2.903,21.52,647.68,-10.29191928,471.1858963,-7.162574112,28815.14,21.68,864.51,5545.540539,525.25,238.5872897
INSP,1,elevated,3,0.212,72,72,1.74,28.41,,,-22.53,-22.28,0,0,10.39,2.423,21.52,849.83,-12.09897464,507.9598592,-7.140568875,28815.14,21.68,1068.3,3836.1395,634.34,35.44791469
INSP,1,elevated,4,0.262,72,72,1.46,44.1,,,-23.37,-20.77,0,0,12.84,2.994,21.52,794.59,-11.77986873,498.4698042,-8.532932461,28815.14,21.68,965.2,5452.221634,567.2,45.13237561
INSP,2,elevated,1,0.23,72,72,1.3,38.19,,,-23.09,-22.19,0,0,11.27,2.629,21.5,765.21,-11.67992097,472.3721532,-6.145009391,28815.14,21.68,1107.86,4256.821543,460.51,84.55321262
INSP,2,elevated,2,0.243,72,72,1.25,40.46,,,-24.07,-23.49,0,0,11.93,2.782,21.5,1051.97,-13.78100444,558.9689044,-9.467800083,28815.14,21.68,1403.96,2833.116321,466.51,72.80289093
INSP,2,elevated,4,0.23,72,72,2.47,22.55,,,-23.45,-20.91,0,0,11.3,2.634,21.5,686.46,-9.58828711,509.146116,0.075019115,28815.14,21.68,962.81,5684.130796,468.9,173.9676103
INSP,3,elevated,1,0.23,72,72,1.3,38.19,,,-22.45,-22.19,0,0,11.27,2.629,21.52,858.05,-11.66320244,554.223877,-9.204447093,28815.14,21.67,1117.45,4176.823879,367,73.71141052
INSP,3,elevated,2,0.243,72,72,1.25,40.46,,,-23.03,-23.49,0,0,11.93,2.782,21.52,1101.34,-14.26148055,572.0177299,-8.837456538,28815.14,21.67,1179.79,2633.311223,414.96,63.11201535
INSP,3,elevated,4,0.23,72,72,2.47,22.55,,,-23.53,-20.91,0,0,11.3,2.634,21.52,659.43,-7.883723631,477.1171806,-7.530274513,28815.14,21.67,908.84,5375.170856,460.51,92.93583351
INSP,4,ambient,2,0.236,72,72,0.88,15.38,,,-22.92,-19.39,0,0,11.55,2.692,21.48,436.13,-5.278176599,567.2727025,-9.826272482,28815.14,21.67,810.76,6346.426797,471.3,163.8209557
INSP,4,ambient,3,0.2,72,72,1.61,27.82,,,-23.39,-17.21,0,0,9.8,2.286,21.48,633.57,-9.778369562,466.68,-5.624904436,28815.14,21.67,782.4,5488.388092,410.16,175.2073293
INSP,4,ambient,4,0.243,72,72,1.16,30.99,,,-22.96,-18.22,0,0,11.91,2.777,21.48,667.66,-8.911186521,544.25,-9.788182614,28815.14,21.67,830.85,5132.612879,434.14,140.4978973
INSP,5,ambient,2,0.255,72,72,1.3,28.41,,,-21.72,-18.3,0,0,12.48,2.909,21.48,581.86,-8.687667003,547.78,-10.39259393,28815.14,21.67,729.22,6233.91765,429.34,52.4964147
INSP,5,ambient,3,0.249,72,72,1.41,36.13,,,-22.52,-21.29,0,0,12.21,2.846,21.48,829.85,-9.237561362,503.12,-8.876659116,28815.14,21.67,862.75,4956.001854,472.5,46.8207838
INSP,5,ambient,4,0.259,72,72,0.96,17.35,,,-23.94,-18.53,0,0,12.69,2.96,21.48,564.23,-8.279153282,483.14,-6.910777696,28815.14,21.67,777.67,7024.208835,448.52,113.9172004
INSP,6,ambient,1,0.325,72,72,1.79,35.08,,,-21.74,-18.17,0,0,15.95,3.718,21.45,670.01,-9.14960734,460.81,-7.526819295,28815.14,21.67,1041.19,7766.692601,455.72,102.6739751
INSP,6,ambient,2,0.246,72,72,3.41,108.44,,,-21.63,-20.75,0,0,12.08,2.817,21.45,1267.05,-7.316747292,443.18,-7.486476748,28815.14,21.67,1710.03,1697.719443,450.92,34.62717477
INSP,6,ambient,3,0.26,72,72,1.2,41.92,,,-22.27,-19.14,0,0,12.75,2.971,21.45,780.48,-8.785797523,454.93,-5.361769264,28815.14,21.67,1053.01,5620.364608,454.52,68.78562057
LATR,1,elevated,1,0.267,72,72,5.14,81.52,0.549,9.371,-24.74,-23.19,0,0,13.055,3.264,23.55,1126.03,-15.67,410.484,-9.57,28815.14,23.62,1064.775955,4929.79,421.5900762,435.77
LATR,1,elevated,6,0.273,72,72,2.71,27.13,0.355,7.652,-24.13,-21.66,0,0,13.349,3.337,23.55,2739.198,-20.33,435.998,-10.24,28815.14,23.62,2158.19195,1396.67,443.4341249,319.04
LATR,1,elevated,7,0.307,72,72,4.17,42.12,0.5,8.345,-24.61,-22.17,0,0,15.018,3.754,23.55,1672.257,-18.04,449.915,-10.74,28815.14,23.62,1354.81638,2989.69,417.9494014,272.1
LATR,2,elevated,1,0.355,72,72,2.86,27.56,0.364,7.873,-24.85,-22.92,0,0,17.374,4.343,23.55,1058.767,-15.9,419.762,-10.11,28815.14,23.62,1135.162335,6809.47,427.6578675,522.03
LATR,2,elevated,6,0.318,72,72,2.61,21.65,0.349,7.479,-25.59,-23.33,0,0,15.576,3.894,23.55,1420.599,-18.4,438.318,-10.5,28815.14,23.62,1376.660429,5069.32,447.0747997,247.04
LATR,2,elevated,7,0.362,72,72,2.37,31.79,0.332,7.13,-25.77,-23.16,0,0,17.731,4.433,23.55,1050.649,-16.74,431.359,-9.81,28815.14,23.62,1182.491107,7699.97,414.3087266,372.95
LATR,3,elevated,2,0.299,72,72,2.4,18.13,0.32,7.495,-25.02,-22.53,0,0,14.635,3.659,23.55,1006.579,-15.62,461.512,-12.39,28815.14,23.6,1041.718348,6489.15,459.2103823,510.83
LATR,3,elevated,5,0.232,72,72,2.9,30.46,0.346,8.371,-24.59,-21.85,0,0,11.386,2.847,23.55,1315.064,-17.41,391.929,-8.64,28815.14,23.6,1251.07,2846.62,393.6782362,265.77
LATR,3,elevated,6,0.267,72,72,3.79,39.99,0.445,8.524,-24.88,-23.26,0,0,13.074,3.269,23.55,1144.586,-12.64,527.616,-12.32,28815.14,23.6,1135.162335,4900.2,511.3933876,335.25
LATR,4,ambient,1,0.382,72,72,3.8,76.68,0.47,8.072,-24.44,-22.02,0,0,18.696,4.674,23.47,1406.682,-15.98,728.247,-15.46,28815.14,23.6,1184.75,4762.37,386.3968866,849.04
LATR,4,ambient,2,0.345,72,72,2.96,65.14,0.384,7.713,-24.93,-22.9,0,0,16.91,4.227,23.47,1391.606,-15.93,429.04,-10.06,28815.14,23.6,1430.74,4314.68,461.6374989,540.93
LATR,4,ambient,6,0.283,72,72,7.73,93.07,0.754,10.258,-23.5,-21.95,0,0,13.855,3.464,23.47,1858.972,-17.73,506.741,-11.92,28815.14,23.6,1550.11,4254.84,380.3290953,865.84
LATR,5,ambient,1,0.279,72,72,2.54,22.71,0.329,7.717,-24.47,-19.75,0,0,13.687,3.422,23.47,1272.155,-16.06,819.865,-16.32,28815.14,23.63,1154.61,5703.32,415.5222849,745.49
LATR,5,ambient,2,0.278,72,72,5,66.16,0.567,8.817,-23.06,-21.74,0,0,13.616,3.404,23.47,2894.6,-18.48,542.692,-12.8,28815.14,23.63,1856.38,1634.77,455.5697076,494.46
LATR,5,ambient,5,0.339,72,72,4.24,74.45,0.529,8.003,-24.57,-22.17,0,0,16.587,4.147,23.47,1535.411,-16.8,495.144,-11.62,28815.14,23.63,1422.29,3894.45,399.7460275,753.13
LATR,6,ambient,1,0.253,72,72,1.48,12.45,0.213,6.948,-25.52,-18.7,0,0,12.368,3.092,23.47,593.72,-11.83,411.644,-9.31,28815.14,23.63,785.63,8029.49,432.5121006,959.19
LATR,6,ambient,2,0.288,72,72,1.75,98.7,0.255,6.852,-25.9,-21.9,0,0,14.106,3.527,23.47,1625.869,-16.19,382.651,-8.79,28815.14,23.63,1636.93,2987.06,450.7154745,657.93
LATR,6,ambient,6,0.297,72,72,3.72,41.22,0.45,8.25,-23.98,-21.67,0,0,14.538,3.634,23.47,1099.357,-14.68,397.727,-9.06,28815.14,23.63,1208.87,5158.6,421.5900762,842.53
INSP,1,elevated,2,0.254,120,120,1,23.68,,,-24.06,-20.89,0,0,12.45,2.903,25.58,705.27,-10.40495111,443.18,-6.785025252,28815.14,25.52,787.88,3606.742552,456.25,121.3640224
INSP,1,elevated,3,0.212,120,120,1.74,28.41,,,-22.53,-22.28,0,0,10.39,2.423,25.58,882.73,-11.68210165,472.56,-7.66347513,28815.14,25.52,1065.87,2802.184807,478.7,33.70202728
INSP,1,elevated,4,0.262,120,120,1.46,44.1,,,-23.37,-20.77,0,0,12.84,2.994,25.58,820.44,-10.99264389,451.4,-6.814464408,28815.14,25.52,916.58,4251.957839,439.7,160.6558373
INSP,2,elevated,1,0.23,120,120,1.3,38.19,,,-23.09,-22.19,0,0,11.27,2.629,25.57,917.99,-12.12405244,438.48,-6.953664368,28815.14,25.52,1173.98,2735.686817,502.33,84.57175886
INSP,2,elevated,2,0.243,120,120,1.25,40.46,,,-24.07,-23.49,0,0,11.93,2.782,25.57,1050.8,-13.43173248,460.81,-7.543537828,28815.14,25.52,1435.24,2022.552797,470.43,94.17613251
INSP,2,elevated,4,0.23,120,120,2.47,22.55,,,-23.45,-20.91,0,0,11.3,2.634,25.57,738.17,-9.361496574,446.7,-6.65200388,28815.14,25.52,865.1,3984.659249,464.52,169.775002
INSP,3,elevated,1,0.23,120,120,1.3,38.19,,,-22.45,-22.19,0,0,11.27,2.629,25.55,933.27,-11.62104266,445.53,-6.616749582,28815.14,25.52,1113.49,2686.420927,472.57,37.78419
INSP,3,elevated,2,0.243,120,120,1.25,40.46,,,-23.03,-23.49,0,0,11.93,2.782,25.55,1175.38,-14.23676619,478.44,-7.45522036,28815.14,25.52,1413.36,1989.666495,484.15,42.21725587
INSP,3,elevated,4,0.23,120,120,2.47,22.55,,,-23.53,-20.91,0,0,11.3,2.634,25.55,729.95,-8.032373196,452.58,-7.363995321,28815.14,25.52,881.83,4265.044826,481.57,50.93457326
INSP,4,ambient,2,0.236,120,120,0.88,15.38,,,-22.92,-19.39,0,0,11.55,2.692,25.53,668.83,-9.35895245,451.4,-6.978742168,28815.14,25.52,832.92,4924.426837,485.44,92.76775355
INSP,4,ambient,3,0.2,120,120,1.61,27.82,,,-23.39,-17.21,0,0,9.8,2.286,25.53,612.42,-8.969701387,460.81,-6.974380811,28815.14,25.52,822.63,4019.123783,488.01,58.59217236
INSP,4,ambient,4,0.243,120,120,1.16,30.99,,,-22.96,-18.22,0,0,11.91,2.777,25.53,746.4,-8.653139598,465.51,-7.142293034,28815.14,25.52,941.03,3948.946475,444.25,22.55073958
INSP,5,ambient,2,0.255,120,120,1.3,28.41,,,-21.72,-18.3,0,0,12.48,2.909,25.53,613.59,-8.296235262,461.98,-6.521526633,28815.14,25.5,835.5,5391.136982,441.68,-3.616227498
INSP,5,ambient,3,0.249,120,120,1.41,36.13,,,-22.52,-21.29,0,0,12.21,2.846,25.53,862.75,-9.23974204,459.63,-6.769397058,28815.14,25.5,1010.53,3959.550665,516.32,24.2784541
INSP,5,ambient,4,0.259,120,120,0.96,17.35,,,-23.94,-18.53,0,0,12.69,2.96,25.53,599.49,-7.917524143,485.49,-5.697957157,28815.14,25.5,856.09,4960.466268,648.88,39.12885773
INSP,6,ambient,1,0.325,120,120,1.79,35.08,,,-21.74,-18.17,0,0,15.95,3.718,25.5,753.45,-9.401112229,463.16,-6.605482745,28815.14,25.5,1096.76,5896.666984,526.62,37.94334794
INSP,6,ambient,2,0.246,120,120,3.41,108.44,,,-21.63,-20.75,0,0,12.08,2.817,25.5,1404.56,-12.32576517,452.58,-6.567320876,28815.14,25.5,1876.68,1140.345996,566.52,19.91879441
INSP,6,ambient,3,0.26,120,120,1.2,41.92,,,-22.27,-19.14,0,0,12.75,2.971,25.5,879.21,-10.13781802,440.83,-6.14826721,28815.14,25.5,1155.96,3875.010771,565.23,51.10641045
LATR,1,elevated,1,0.267,120,120,5.14,81.52,0.549,9.371,-24.74,-23.19,0,0,13.055,3.264,23.33,1015.857,-15.29,412.804,-9.49,28815.14,23.67,905.01,3584.77,435.95,190.09
LATR,1,elevated,6,0.273,120,120,2.71,27.13,0.355,7.652,-24.13,-21.66,0,0,13.349,3.337,23.33,2455.067,-20.9,442.956,-10.5,28815.14,23.67,1431.94,840.6,455.25,166.23
LATR,1,elevated,7,0.307,120,120,4.17,42.12,0.5,8.345,-24.61,-22.17,0,0,15.018,3.754,23.33,1672.257,-17.85,442.956,-10.34,28815.14,23.67,1305.33,2289.72,452.84,125.95
LATR,2,elevated,1,0.355,120,120,2.86,27.56,0.364,7.873,-24.85,-22.92,0,0,17.374,4.343,23.33,1138.911,-16.65,492.824,0.2,28815.14,23.67,1044.88,5303.1,464.89,152.19
LATR,2,elevated,6,0.318,120,120,2.61,21.65,0.349,7.479,-25.59,-23.33,0,0,15.576,3.894,23.33,1493.869,-18.67,456.873,-10.8,28815.14,23.67,1252.28,3227.49,450.42,114.58
LATR,2,elevated,7,0.362,120,120,2.37,31.79,0.332,7.13,-25.77,-23.16,0,0,17.731,4.433,23.33,1052.935,-16.96,422.081,-9.97,28815.14,23.67,1023.18,5930.13,457.66,252.66
LATR,3,elevated,2,0.299,120,120,2.4,18.13,0.32,7.495,-25.02,-22.53,0,0,14.635,3.659,23.33,963.275,-15.34,463.831,-11.38,28815.14,23.68,902.6,4832.38,451.63,399.56
LATR,3,elevated,5,0.232,120,120,2.9,30.46,0.346,8.371,-24.59,-21.85,0,0,11.386,2.847,23.33,1317.004,-17.31,394.248,-9.43,28815.14,23.68,1202.84,2112.59,444.39,199.49
LATR,3,elevated,6,0.267,120,120,3.79,39.99,0.445,8.524,-24.88,-23.26,0,0,13.074,3.269,23.33,1089.782,-15.52,432.519,-9.22,28815.14,23.68,1014.74,3360.61,446.81,278.87
LATR,4,ambient,1,0.382,120,120,3.8,76.68,0.47,8.072,-24.44,-22.02,0,0,18.696,4.674,23.33,1294.896,-11.3,691.136,-14.89,28815.14,23.68,1073.82,3307.2,474.54,183.36
LATR,4,ambient,2,0.345,120,120,2.96,65.14,0.384,7.713,-24.93,-22.9,0,0,16.91,4.227,23.33,1385.785,-16.72,412.804,-9.79,28815.14,23.68,1395.77,3229.37,445.6,235.98
LATR,4,ambient,6,0.283,120,120,7.73,93.07,0.754,10.258,-23.5,-21.95,0,0,13.855,3.464,23.33,1686.701,-17.46,512.539,-12.48,28815.14,23.68,1446.41,3168.66,428.72,329.82
LATR,5,ambient,1,0.279,120,120,2.54,22.71,0.329,7.717,-24.47,-19.75,0,0,13.687,3.422,23.33,1109.434,-15.45,458.033,-10.88,28815.14,23.68,1117.23,4464.04,491.42,321.92
LATR,5,ambient,2,0.278,120,120,5,66.16,0.567,8.817,-23.06,-21.74,0,0,13.616,3.404,23.33,2540.32,-17.53,622.713,-13.78,28815.14,23.68,2316.99,1195.82,468.51,193.97
LATR,5,ambient,5,0.339,120,120,4.24,74.45,0.529,8.003,-24.57,-22.17,0,0,16.587,4.147,23.33,1525.803,-13,482.387,-11.11,28815.14,23.68,1210.07,2639.44,476.95,351.3
LATR,6,ambient,1,0.253,120,120,1.48,12.45,0.213,6.948,-25.52,-18.7,0,0,12.368,3.092,23.33,577.611,-9.82,429.04,-10.29,28815.14,23.68,678.32,6412.29,543.27,363.08
LATR,6,ambient,2,0.288,120,120,1.75,98.7,0.255,6.852,-25.9,-21.9,0,0,14.106,3.527,23.33,1557.737,-15.33,473.109,-9.08,28815.14,23.68,1395.77,2098.48,566.18,380.05
LATR,6,ambient,6,0.297,120,120,3.72,41.22,0.45,8.25,-23.98,-21.67,0,0,14.538,3.634,23.33,1095.923,-13.73,413.963,-9.75,28815.14,23.68,1017.15,3839.31,481.77,481.64
INSP,1,elevated,2,0.254,168,168,1,23.68,,,-24.06,-20.89,0,0,12.45,2.903,72.15,895.92,-12.93464906,479.61,-7.3810773,28815.14,71.73,1188.14,2904.591098,468.7,74.53465974
INSP,1,elevated,3,0.212,168,168,1.74,28.41,,,-22.53,-22.28,0,0,10.39,2.423,72.15,1308.38,-14.90725319,496.07,-8.095249419,28815.14,71.73,1512.46,2025.140031,535.63,26.44493737
INSP,1,elevated,4,0.262,168,168,1.46,44.1,,,-23.37,-20.77,0,0,12.84,2.994,72.15,1150.11,-12.54637793,464.33,-7.177910779,28815.14,71.73,1071.02,2622.612607,480.29,48.92257663
INSP,2,elevated,1,0.23,168,168,1.3,38.19,,,-23.09,-22.19,0,0,11.27,2.629,72.12,870.74,-11.16785378,463.16,-7.652208293,28815.14,71.73,1829.06,1833.265956,472.57,46.59426611
INSP,2,elevated,2,0.243,168,168,1.25,40.46,,,-24.07,-23.49,0,0,11.93,2.782,72.12,1144.11,-13.01833748,573.63,-10.33262528,28815.14,71.73,2321.98,1292.777597,488.01,54.41002216
INSP,2,elevated,4,0.23,168,168,2.47,22.55,,,-23.45,-20.91,0,0,11.3,2.634,72.12,1009.83,-11.52415809,513.69,-7.640941455,28815.14,71.73,1262.78,3075.906104,457.12,106.3358847
INSP,3,elevated,1,0.23,168,168,1.3,38.19,,,-22.45,-22.19,0,0,11.27,2.629,72.1,1430.68,-14.99381502,449.05,-6.562959519,28815.14,71.73,1982.21,1824.314406,463.56,8.2799111
INSP,3,elevated,2,0.243,168,168,1.25,40.46,,,-23.03,-23.49,0,0,11.93,2.782,72.1,2036.17,-17.34032318,461.98,-7.690733608,28815.14,71.73,2674.62,1291.11528,548.5,5.943926293
INSP,3,elevated,4,0.23,168,168,2.47,22.55,,,-23.53,-20.91,0,0,11.3,2.634,72.1,1122.53,-8.766032256,465.48,-8.452110914,28815.14,71.73,1283.37,3184.383753,506.03,15.06164103
INSP,4,ambient,2,0.236,168,168,0.88,15.38,,,-22.92,-19.39,0,0,11.55,2.692,72.08,862.35,-10.91247841,442.7,-7.078974429,28815.14,71.73,1104.48,3396.083836,469.99,54.35596852
INSP,4,ambient,3,0.2,168,168,1.61,27.82,,,-23.39,-17.21,0,0,9.8,2.286,72.08,940.28,-11.87112379,532.62,-9.628777178,28815.14,71.73,1105.77,3008.534247,488.01,14.94218915
INSP,4,ambient,4,0.243,168,168,1.16,30.99,,,-22.96,-18.22,0,0,11.91,2.777,72.08,1013.42,-10.08960221,491.86,-9.507375103,28815.14,71.73,1354.16,3142.589611,585.82,57.32691677
INSP,5,ambient,2,0.255,168,168,1.3,28.41,,,-21.72,-18.3,0,0,12.48,2.909,72.1,808.39,-9.973946983,424.71,-7.69119288,28815.14,71.72,1067.16,4098.555942,499.59,25.67283783
INSP,5,ambient,3,0.249,168,168,1.41,36.13,,,-22.52,-21.29,0,0,12.21,2.846,72.1,1171.69,-11.0191542,467.88,-7.944951951,28815.14,71.72,1638.58,2461.970525,554.93,3.474809371
INSP,5,ambient,4,0.259,168,168,0.96,17.35,,,-23.94,-18.53,0,0,12.69,2.96,72.1,410.32,-5.512959499,442.7,-7.694245891,28815.14,71.72,1095.47,3980.465086,531.77,5.496815932
INSP,6,ambient,1,0.325,168,168,1.79,35.08,,,-21.74,-18.17,0,0,15.95,3.718,72.08,1163.3,-12.06543894,410.32,-6.266155212,28815.14,71.72,1276.94,3900.043613,507.31,11.68395581
INSP,6,ambient,2,0.246,168,168,3.41,108.44,,,-21.63,-20.75,0,0,12.08,2.817,72.08,2939.02,-15.41153873,431.91,-7.055268698,28815.14,71.72,3367.02,770.3611709,455.83,9.153110963
INSP,6,ambient,3,0.26,168,168,1.2,41.92,,,-22.27,-19.14,0,0,12.75,2.971,72.08,1496.62,-13.13650695,376.75,-6.733086269,28815.14,71.72,1928.16,2785.928008,475.14,60.36559891
LATR,1,elevated,1,0.267,168,168,5.14,81.52,0.549,9.371,-24.74,-23.19,0,0,13.055,3.264,75.13,1843.914,-18.09,532.167,-12.42,28815.14,71.57,1424.71,2702.95,437.16,235.97
LATR,1,elevated,6,0.273,168,168,2.71,27.13,0.355,7.652,-24.13,-21.66,0,0,13.349,3.337,75.13,6356.425,-24.54,506.374,-10.99,28815.14,71.57,4541.69,632.46,475.75,153.7
LATR,1,elevated,7,0.307,168,168,4.17,42.12,0.5,8.345,-24.61,-22.17,0,0,15.018,3.754,75.13,3615.02,-21.92,393.377,-8.75,28815.14,71.57,2076.476003,1400.02,409.43,186.6
LATR,2,elevated,1,0.355,168,168,2.86,27.56,0.364,7.873,-24.85,-22.92,0,0,17.374,4.343,75.13,2073.593,-19.98,724.998,-15.3,28815.14,71.57,1733.087554,3721.11,434.75,284.49
LATR,2,elevated,6,0.318,168,168,2.61,21.65,0.349,7.479,-25.59,-23.33,0,0,15.576,3.894,75.13,2519.44,-21.83,533.395,-12.29,28815.14,71.57,2189.23042,2528.68,476.95,255.73
LATR,2,elevated,7,0.362,168,168,2.37,31.79,0.332,7.13,-25.77,-23.16,0,0,17.731,4.433,75.13,1781.275,-20,527.254,-12.38,28815.14,71.57,1654.928243,4337.16,451.63,289.63
LATR,3,elevated,2,0.299,168,168,2.4,18.13,0.32,7.495,-25.02,-22.53,0,0,14.635,3.659,75.13,1410.35,-17.63,432.68,-9.24,28815.14,71.53,1384.573904,3829.46,469.72,396.07
LATR,3,elevated,5,0.232,168,168,2.9,30.46,0.346,8.371,-24.59,-21.85,0,0,11.386,2.847,75.13,2445.746,-20.68,449.875,-8.76,28815.14,71.53,2039.318298,1575.8,414.25,171.89
LATR,3,elevated,6,0.267,168,168,3.79,39.99,0.445,8.524,-24.88,-23.26,0,0,13.074,3.269,75.13,1884.446,-18.28,435.137,-8.99,28815.14,71.53,1688.242047,2643.64,443.19,278.89
LATR,4,ambient,1,0.382,168,168,3.8,76.68,0.47,8.072,-24.44,-22.02,0,0,18.696,4.674,75.1,2133.776,-18.79,636.566,-14.47,28815.14,71.57,1932.970383,2302.28,466.1,276.27
LATR,4,ambient,2,0.345,168,168,2.96,65.14,0.384,7.713,-24.93,-22.9,0,0,16.91,4.227,75.1,2880.539,-20,530.938,-9.53,28815.14,71.57,2906.758523,2043.9,462.48,207.98
LATR,4,ambient,6,0.283,168,168,7.73,93.07,0.754,10.258,-23.5,-21.95,0,0,13.855,3.464,75.13,3581.857,-20.59,473.212,-9.64,28815.14,71.57,3274.491676,1978.51,437.16,238.44
LATR,5,ambient,1,0.279,168,168,2.54,22.71,0.329,7.717,-24.47,-19.75,0,0,13.687,3.422,75.1,1802.155,-17.89,597.263,-12.34,28815.14,71.53,1780.495661,3134.54,573.41,298.4
LATR,5,ambient,2,0.278,168,168,5,66.16,0.567,8.817,-23.06,-21.74,0,0,13.616,3.404,75.1,5693.182,-21.08,387.236,-9.17,28815.14,71.53,5264.350862,717.02,627.68,108.34
LATR,5,ambient,5,0.339,168,168,4.24,74.45,0.529,8.003,-24.57,-22.17,0,0,16.587,4.147,75.1,3062.317,-20.46,489.179,-10.03,28815.14,71.53,2617.184681,1819.38,520.36,297.17
LATR,6,ambient,1,0.253,168,168,1.48,12.45,0.213,6.948,-25.52,-18.7,0,0,12.368,3.092,75.1,750.791,-12.37,437.593,-10.54,28815.14,71.53,840.0213254,4890.46,587.88,389.75
LATR,6,ambient,2,0.288,168,168,1.75,98.7,0.255,6.852,-25.9,-21.9,0,0,14.106,3.527,75.1,3160.575,-19.01,449.875,-9.38,28815.14,71.53,2925.978026,1433.43,558.95,243.47
LATR,6,ambient,6,0.297,168,168,3.72,41.22,0.45,8.25,-23.98,-21.67,0,0,14.538,3.634,75.1,1896.728,-16.78,420.398,-9.99,28815.14,71.53,1900.937878,2800.87,478.16,470.32